name,type,redshift,right ascension,declination
SN2013cj,IIn,,256.22063,12.91956
SN2014ey,Iax,0.03197,226.124882,2.330903
SNhunt278,Ia-91bg-like,,,
SN2016iyz,II,0.0104,88.155958,-17.78715
SN2016iyd,II,0.034,114.29065,-52.31783
SN2016itd,Ia,0.0175,214.698917,24.940839
SN2015bn,SLSN-I,0.11,173.423125,0.725972
SN2016ipf,Ia,0.021,121.80464649,5.68327026538
SN2016ija,II,0.003468,63.031667,-32.852911
SN2016gxp,Ia,0.0186,3.644083,48.252231
SN2016hzg,II,0.019,16.154667,-2.542319
SN2016hnk,Ia,0.016,33.319312,-7.661332
SN2016hgm,II,0.008,20.5492197344,0.95205540894
SN2016gkg,IIb,0.0049,23.560167,-29.440061
SN2016bau,Ib,0.003856,170.245917,53.173778
SN2016gsb,Ia,0.0097,91.1175,-20.3401
SN2016grk,II,0.018,319.922,21.965631
SN2016gfy,II,0.008,111.691375,85.764211
SN2016gfr,Ia,0.014,274.898208,23.785889
SN2016gdw,II,0.065,336.771335,23.279324
SN2016frp,Ib-pec,0.027,5.385583,-5.956747
SN2016ffh,Ia,0.018,227.956083,46.250931
SN2016els,SLSN-I,0.217,307.558019897,-10.9505021327
SN2016ekg,Ia,0.017,330.015333,-30.184261
SN2016ekt,Ia,0.017,328.366175,-34.405819
SN2016eiy,Ia,0.0087,203.660833,-23.681511
SN2016coi,Ic-BL,0.0036,329.767083,18.186306
SN2016coj,Ia,0.005,182.028333,65.177167
SN2016edk,Ibn,0.0744,266.809167,30.224806
SN2016ccz,Ia,0.0149,217.788333,27.235972
SN2016cqj,II,0.022,359.057233,-0.541233
SN2016ccj,Ia-pec,0.03,257.599583,26.396778
SN2016blz,II,0.011,235.122083,0.910306
SN2016asf,Ia,0.021,102.65303,31.1126
SN2016aqt,Ia-pec,0.05,206.461458,26.7965
SN2016aiy,IIn,0.01,197.105833,-41.980639
SN2016arc,Ia,,49.83863,41.49024
SN2016ajf,Ia-91bg-like,0.0203,49.976958,41.564861
SN2016ajn,Varstar,,111.881833,33.776619
SN2016adi,Ia,0.015,206.929625,-30.932506
SN2016adj,Ib,,201.350458,-43.015972
SN2016f,Ia,,,
SN2016p,Ic-BL,,,
SN2016x,IIP,,,
SN2016g,Ic-BL,,,
SN2016c,IIP,,,
SN2017ivu,IIP,0.0065,234.136292,16.605581
SN2017ivv,II,0.003,307.207417366,-4.38260923798
SN2017egm,SLSN-I,0.030721,154.773417,46.453911
SN2017hcc,IIn,0.0173,0.960792,-11.474611
SN2017hoq,Ia,0.02,79.83454,-17.6115888889
SN2017hzw,Ia-CSM,0.051,31.32553,53.20373
SN2017hjy,Ia,0.007,39.010708,43.472061
SN2017hxz,II,0.08,53.546345,-13.9358171429
SN2017fgc,Ia,0.008,20.060167,3.402767
SN2015fn,Ic,0.0549,37.58355,37.23519
SN2017hky,II,0.009725,170.877125,63.366511
SN2017gas,IIn,0.01,304.297333,58.20225
SN2017fzw,Ia-91bg-like,0.0054,95.395083,-27.214881
SN2017glq,Ia,0.011755,32.116583,6.387869
SN2017gvp,Ia,0.023,355.444958,-1.350919
SN2017gir,IIn,0.164,24.936917,-23.254769
SN2017gah,Ia,0.0089,330.67675,-32.792631
SN2017gmr,II,0.005,38.87575,-9.354189
SN2017gci,SLSN-I,0.09,101.687625,-27.24885
SN2017gax,Ib/c,0.0044,71.45625,-59.245139
SN2017erp,Ia,0.006174,227.311667,-11.334181
SN2017ein,Ic,0.0027,178.221875,44.123919
SN2017eaw,II,0.00013,308.684333,60.193289
SN2017faf,II,0.0295,263.666619783,26.3061034507
SN2017emq,Ia,0.005247,150.077374986,54.5397422446
SN2017cbv,Ia,0.003999,218.143417,-44.134094
SN2017cyy,Ia,0.0098,144.150833,-63.948389
SN2017drh,Ia,0.005554,263.108583,7.063161
SN2017dau,LBV,0.01062,213.571217999,35.4287888199
SN2017bzc,Ia,0.005365,349.061292,-42.5696
SN2017ckq,Ia,0.01,161.105708,-32.209139
SN2017cjb,II,0.0094,193.460208,9.704917
SN2017awz,Ia-91T-like,0.022,166.897863333,22.85127
SN2017cbv,Ia,0.003999,218.143417,-44.134094
SN2017azw,Ia,0.02,65.707125,-82.069358
SN2017bgu,Ib,0.008,253.997852235,42.5600231429
SN2017ati,IIb,0.016,147.48625,67.183211
SN2017ahn,II,0.009,159.322792,-41.618131
SN2017ln,Ia,0.025,174.640383818,25.3970966888
SN2017hm,Ia,0.021,173.294112678,-10.2220742817
SN2017jd,Ia,0.007,353.651958038,-4.53453429439
SN2017bc,Ia,0.027,184.961923089,-6.8555604185
SN2018kzr,Ic,0.053,127.2227503,1.1107514
SN2018lab,II,0.0092,94.1105,-21.375661
SN2018evt,Ia,0.029,206.66325372,-9.6433322657
SN2018kag,IIn,0.02736,133.9519813,3.6415297
SN2018hna,II,0.0024,186.550292,58.314119
SN2018ilu,Ia,0.03,353.33737147,4.80965071182
SN2018hti,SLSN-I,0.063,55.224,11.77705
SN2018jkb,II,0.021,35.290833,-4.073269
SN2018ibb,SLSN-I,0.16,69.737292,-20.66225
SN2018jov,Ia,0.019213,120.0297895,58.7097536
SN2018jky,Ia,0.01458,51.508917,-17.5629
SN2018ivc,II,0.00379,40.6719841216,-0.00886706747595
SN2018isq,Ia,0.007599,49.2109892492,80.7846248988
SN2018jag,Ia-91bg-like,0.04,15.951289809,10.5923271658
SN2018ivc,II,0.00379,40.6719841216,-0.00886706747595
SN2018aad,II-pec,0.024,59.506417,-65.506761
SN2018ilu,Ia,0.03,353.33737147,4.80965071182
SN2018imf,IIP,0.0036,190.672458,13.265231
SN2018hmx,II,0.038,128.413917,55.598081
SN2018ieu,Ia,0.0405,31.79525,-9.024639
SN2018hxf,II,0.0296,65.5748442,-5.4682797
SN2018hpu,Ia,0.066,49.58872,-41.60968
SN2018dfi,II,0.031302,252.708684348,45.3978997826
SN2018htr,LBV,0.001558,3.533167,-23.169364
SN2018hso,LRN,0.0039,173.4663858,53.1187282
SN2018hom,Ic-BL,0.0362,344.845625,8.751289
SN2018bgv,SLSN-I,0.08,165.626208,55.598831
SN2018hrg,Nova,-0.00016,17.3596718182,35.7108354545
SN2018fpi,Ia-91T-like,0.038854,356.1143058,5.6637039
SN2018hkx,Ia,0.025,60.224375,-66.67525
SN2018gft,SLSN-I,0.23,359.3247537,-15.6314773
SN2018fif,II,0.017189,2.360625,47.354069
SN2018gwa,IIn,0.0659,110.06975,41.346631
SN2018gep,Ic-BL,0.032,250.950837548,41.0453830323
SN2018gvi,Ia,0.020908,43.9001235609,43.0575948445
SN2018gwo,Ic-Ca-rich,0.0076,182.16175,68.779019
SN2018gro,Ia-91bg-like,0.0217,332.955,38.700417
SN2018etk,Ic-BL,0.04415,229.260542,3.944111
SN2018fcg,SLSN-I,0.101,317.40325,33.4832
SN2018feb,Ia,0.0148,257.546542,21.649061
SN2018fdt,IIn,0.055,256.1847282,38.2355488
SN2018cow,Ic-BL,0,244.000917,22.268031
SN2018feq,Ia-91T-like,0.032,18.82711,-44.91943
SN2018evk,II,0.03,348.937323333,6.91102666667
SN2018bsz,II,0.027,242.412965541,-32.0626763514
SN2018dfy,II,0.013519,325.887208,43.549481
SN2018dhw,Ia,0.0323,284.989835376,72.2673112347
SN2018dfc,II,0.03651,252.032333,24.304131
SN2018cuf,II,0.0108,319.048125,-64.482639
SN2018cyg,II,0.01127,233.535333,56.696869
SN2018cug,II,0.05,267.3298968,49.4124315
SN2018cxn,IIP,0.0401,237.0269066,55.7148077
SN2018cvf,Ia,0.06383,181.669167,59.513389
SN2018cnw,Ia-91T-like,0.028,254.770958,47.23645
SN2018cni,Ia-pec,0.032,225.3450977,-10.1806704
SN2018bym,SLSN-I,0.267,280.805952473,45.2078367617
SN2018coi,Ia,0.0594,244.74158139,56.716899061
SN2018bwr,IIn,0.046,232.109042,8.80615
SN2018zd,II,0.002979,94.513292,78.366989
SN2018atq,SLSN-II,0.167,176.7670743,19.551192
SN2018bwo,LRN,0.00156,3.507167,-23.193289
SN2018byg,Ia-pec,0.066,185.8398698,46.6023125
SN2018bta,Ia,0.0195,254.494458,-62.731681
SN2018avk,Ic,0.132,197.865625,65.6381
SN2018bvw,Ic-BL,0.054,178.1817541,25.6750332
SN2018bek,II,0.0218,233.006458,68.241919
SN2018avk,Ic,0.132,197.865625,65.6381
SN2018beh,Ib,0.051,142.8459727,17.8077
SN2018beg,Varstar,0,207.83369,-48.02468
SN2018aoz,Ia,0.0058,177.757542,-28.744081
SN2018adu,II,0.066,213.40867425,34.9455782314
SN2018apl,Varstar,0,206.2645,-41.87319
SN2018aoq,II,0.003319,182.65925,39.396631
SN2018agk,Ia,0.026128,197.651555472,-4.48574127155
SN2018xx,Ia,,193.451125,-39.6971
SN2018aaz,Ia,0.023,153.451125,38.7631
SN2018acj,II,0.0078,207.16971132,43.418373192
SN2018oh,Ia,0.012,136.664917,19.338089
SN2018yu,Ia,0.008,80.63487875,-11.4871825
SN2018pv,Ia,0.0031,178.232333,36.986211
SN2018ph,Ia,0.0304,122.76005619,5.0872647619
SN2018gv,Ia,0.0053,121.394083,-11.438019
SN2018yt,II,0.052,134.898292,45.611639
SN2018kp,Ia,0.010142,161.637792,13.741869
SN2018pc,Ia,0.009,142.229718182,49.2381054545
SN2018is,II,,199.238958,-16.617897
SN2018gj,II,0.004556,248.009583,78.211369
SN2019xtw,II,0.015964,40.890125,-38.625211
SN2019yvr,Ib,0.005,191.283897036,-0.459120025663
SN2019yvq,Ia,0.009,186.841042,64.79995
SN2019wzx,II,0.0275,37.7823461268,4.3113182481
SN2019xfs,SLSN-II,0.116,287.5204368,32.3448405
SN2019xdf,II,0.013012,141.966071314,68.411859552
SN2019wep,II-pec,0.025,166.15430554,45.97748552
SN2019szu,SLSN-I,0.213,2.55475,-19.69235
SN2019vxm,II,0.019,299.618917,62.137731
SN2019unb,SLSN-I,0.0635,146.987542,0.82665
SN2019wdx,Ia,0.017155,125.922506667,21.4344366667
SN2019wcj,Ia,0.01,78.618875,-62.1705
SN2019wbg,LBV,0.00659,180.677964454,1.98427720961
SN2019vrq,Ia-91T-like,0.013,46.0893771035,-16.0241301536
SN2019uba,SLSN-II,0.3035,35.8697569,-1.98303275
SN2019stc,SLSN-I,0.1178,103.5962619,17.4920422
SN2019ust,II,0.022035,13.593417,31.670169
SN2019tua,II,0.010424,329.501167,24.265861
SN2019tjt,II,0.0476,4.26530465231,31.5725286874
SN2019nvm,II,0.01815,261.411114384,59.4467399895
SN2019qfb,SLSN-II,0.1423,311.300125,-12.011081
SN2019fmb,IIn,0.016,186.681917956,56.0757942101
SN2019udc,LBV,0.006,28.2966785586,4.19638945719
SN2019qyl,Nova,0.00048,13.7403345455,-37.6444463636
SN2019tdf,Ia,0.0155,266.620708,30.706881
SN2019rwd,II,0.017,2.69124128146,21.1390918086
SN2019sgh,SLSN-I,0.344,18.16425,36.473556
SN2019sgg,SLSN-I,0.5726,15.299042,14.0265
SN2019njv,IIn,0.01458,304.9883221,15.3774181
SN2019pud,SLSN-I,0.1136,318.229208,-16.6353
SN2019qyl,Nova,0.00048,13.7403345455,-37.6444463636
SN2019qch,II,0.024,277.307542,41.042319
SN2019neq,SLSN-I,0.1075,268.611401588,47.261284416
SN2019qym,Ia,0.019917,45.00175,30.988419
SN2019hge,SLSN-I,0.0866,336.088375,24.788089
SN2019nhs,SLSN-I,0.19,13.0060546916,7.61661248499
SN2019qar,Ib-pec,0.01,323.941708,-63.904453
SN2019fdr,SLSN-II,0.2666,257.278578935,26.8556946632
SN2019gmh,II,0.030666,247.763208,41.153981
SN2019pjs,II,0.007415,271.168083,21.634511
SN2019odf,II,0.032019,342.186208,27.57185
SN2019oxn,II,0.02,267.803284279,51.3825506173
SN2019lsm,Ibn,0.04168,218.76063906,14.77690375
SN2019njv,IIn,0.01458,304.9883221,15.3774181
SN2019nvm,II,0.01815,261.411114384,59.4467399895
SN2019neq,SLSN-I,0.1075,268.611401588,47.261284416
SN2019ovr,II,0.013059,112.209417,35.547531
SN2019hge,SLSN-I,0.0866,336.088375,24.788089
SN2019myl,Ia,0.0705,31.347083,30.767031
SN2019lsq,SLSN-I,0.14,1.169167,42.869819
SN2019omp,II,0.045,260.1429702,51.6327797
SN2019odp,Ic-BL,0.014353,346.829542,13.85595
SN2019oet,LBV,0.004953,343.987761429,-43.4386071429
SN2019odp,Ic-BL,0.014353,346.829542,13.85595
SN2019odh,Ia,0.053654,282.732633171,39.3989966096
SN2019muj,Iax,0.007035,36.5771671897,-9.83594182478
SN2019lkw,II,0.07,256.287917,33.44255
SN2019ein,Ia,0.00775,208.371292,40.275369
SN2019kcy,SLSN-I,0.4,212.082422879,8.96694850126
SN2019hgp,Icn,0.0641,234.053641,39.733489
SN2019eoh,II,0.05007,195.955625,38.28915
SN2019jyw,II,0.011638,16.6259267382,-2.19878564617
SN2019kbj,Ibn,0.048,332.841376171,19.6176320655
SN2019hsx,Ic-BL,0.020652,273.2342469,68.3625593
SN2019hte,IIb,0.08528,218.5566602,21.6016366
SN2019gte,TDE,0.086,196.6642678,-1.5484498
SN2018hna,II,0.0024,186.550292,58.314119
SN2019gfm,SLSN-I,0.1816,233.944139266,24.0624798838
SN2019gfm,SLSN-I,0.1816,233.944139266,24.0624798838
SN2019cac,IIn,0.0467,207.682920387,-2.50694752737
SN2019eot,SLSN-I,0.3057,270.1247529,50.2953602
SN2019hsw,II,0.0055,140.140655455,64.0730454545
SN2019dge,Ib,0.0213,264.1947591,50.5478107
SN2019hcc,SLSN-I,0.044,315.087208,-21.34335
SN2019gbx,Ia,0.013,192.511716717,-14.7666545357
SN2019gaf,IIb,0.006,309.2301634,2.8068387
SN2019cqc,SLSN-II,0.1173,275.42938491,30.9926367957
SN2019enz,SLSN-I,0.22,209.275335611,27.993909381
SN2019ehk,Ib,0.0043,185.733958,15.826119
SN2019dde,IIn,0.057,217.050167581,-1.60416405323
SN2019ejj,II,0.003,121.7865,-28.053239
SN2019esa,IIn,0.005891,118.753958,-76.411961
SN2019enr,II,0.00818,143.69870953333,10.286953
SN2019cad,Ic,0.02751,137.179047394,44.8127901672
SN2019edo,II,0.008569,182.964943262,24.1365846266
SN2019dzk,II,0.024,258.3414541,-9.9644663
SN2018kyt,SLSN-I,0.108,186.984333,56.393219
SN2019dnz,IIn,0.025,297.1311535,2.9137498
SN2019dke,II,,193.409167,-26.292061
SN2019ctt,IIn,0.046,150.1761872,12.0398166
SN2019deh,Ibn,0.05469,211.43156902,9.515768622
SN2019dgz,Ib,0.0364,184.0191724,29.8516983
SN2019bkc,I,0.02,150.0939325,-3.0201775
SN2019cmy,II,0.0314,227.2118383,40.7137219
SN2019but,Ic-BL,0.15,201.029384742,8.92663350553
SN2019cca,SLSN-I,0.4103,180.714167,-16.663239
SN2019aajs,Ibn,0.0358,242.764814,74.361483
SN2019avv,SLSN-II,0.2207,236.1729933,51.1495068
SN2019bqe,Ia,0.017,149.91629503636,35.395130863636
SN2019arb,Ia,0.013696,184.880083,49.814131
SN2018lnb,SLSN-II,0.222,159.636458,48.2752905
SN2019ata,Ia,0.03,153.544917,-35.160889
SN2019np,Ia,0.00452,157.341583,29.510639
SN2019ahd,LBV,0.003,162.799125,5.842031
SN2019abn,ILRT,0.0015,202.4266422,47.1880529
SN2019yz,Ic,0.00639,235.488752722,0.710958685627
SN2019qt,IIn,0.035,224.794375,43.819911
SN2019rn,IIb,0.013,34.4983692878,14.5334508892
SN2019th,CV,,77.66355,17.61252
SN2019kf,Ia,0.021,156.8226276,26.5330856
SN2018lei,Ic,0.006,38.39334,-39.0459
SN2018kpo,II,0.01749,55.179458,-6.423319
SN2020adow,Ic,0.0075050001,128.426091347,27.7121003677
SN2020acat,IIb,0.0079,177.67177066,-10.2274777238
SN2020aczg,Ia,0.03,150.277875,54.789569
SN2020qlb,SLSN-I,0.159,286.956458,62.963781
SN2020adcb,Ia,0.01512,338.5270099,5.564591
SN2020abdr,II,0.03,55.697875,-12.280111
SN2020jfo,II,0.00502,185.460333,4.481681
SN2020acbm,II,0.021,40.074167,2.427069
SN2020faa,II,0.04106,221.789456173,72.7365432726
SN2020acma,Ia,0.014,159.491083,-28.90855
SN2020esm,IIP,0.036,211.826083,-5.127131
SN2020znr,SLSN-I,0.1,109.77675,23.885381
SN2020abjq,II,0.018433,16.560958,3.573911
SN2020able,Ic,0.024755,141.509425482,24.521685394
SN2020acct,IIn,0.035,146.233561417,31.0960365255
SN2020abue,II,0.028034,121.084667,56.302081
SN2020tlf,IIn,0.008463,220.04175,42.777619
SN2020abtf,II,0.014,119.893662503,15.3000191195
SN2020qmp,II,0.003,182.185167,36.8048
SN2020aatc,Ia,0.01525,42.068458,-10.252089
SN2020aboh,SN,0.007,139.3823485,41.9927816
SN2020abgq,Ia,0.008076,187.209375,-1.944111
SN2020aasd,II,0.025,140.812574654,33.5669170808
SN2020zpi,Ia,0.03726,40.085208,-1.446861
SN2020yzo,II,0.0185,100.883958,-72.590369
SN2020aabz,Ia,0.0241,43.746,4.060281
SN2020aavm,IIP,0.045,116.681996277,18.1135581132
SN2020wnt,I,0.032,56.658125,43.22925
SN2020zgl,Ib-pec,0.0065,352.004792,-2.1649
SN2020zbf,SLSN-I,0.195,29.506964,-41.347732
SN2020zoq,II,0.01,159.089958,13.718639
SN2020pvb,IIn,0.020254,313.470966878,-25.4739146744
SN2020rmv,SLSN-I,0.27,10.0007792481,-14.5903161871
SN2020tcw,SLSN-I,0.0645,232.071167,39.947369
SN2020yvu,Ia,0.01,345.249458,40.9106
SN2020uew,SLSN-I,0.22367,49.849458,-29.984911
SN2020xga,SLSN-I,0.44,56.6640226482,-11.2427497073
SN2020xtz,Ia,0.007612,272.962875,14.98245
SN2020xua,II,0.022,342.842417,32.351311
SN2020wtq,Ia,0.007,18.2836039353,28.6770039274
SN2020xva,II,0.017,263.035125,53.653989
SN2020uxz,Ia,0.008246,21.028708,12.921461
SN2020xyw,Ia,0.010814,112.033417,-62.358031
SN2020xhs,II,0.024377,30.742833,45.020281
SN2020pni,II,0.01687,225.958167,42.114031
SN2020xqa,Other,0.066,38.2323363413,2.40005847841
SN2020vfu,SLSN-II,0.1281,109.274333,49.487961
SN2020udy,Iax,0.017222,31.705625,44.587581
SN2020tcw,SLSN-I,0.0645,232.071167,39.947369
SN2020sje,IIP,0.03,19.3415,44.194869
SN2020uim,II,0.018489,28.1887587774,36.6231557934
SN2020ufx,II,0.05,322.652677785,24.6737180885
SN2020tld,Ia,0.011201,7.423292,-51.536
SN2020tug,Ia,0.05,359.866168993,17.8652140746
SN2020tkp,Ia,0.035,359.544048488,22.7701245689
SN2020tkx,Ic-BL,,280.0375,34.116539
SN2020lfn,II,0.044,246.737042,20.245889
SN2020szr,Ia,0.02581,347.387917,15.659269
SN2020qxz,Ia-CSM,0.0964,271.001042,74.013969
SN2020ssf,Ia,0.01335,354.670298282,15.9540408311
SN2020sjv,II,0.028,260.7695,55.072489
SN2020sic,II,0.03324,236.937958,28.640339
SN2020qpo,IIn,0.053,259.172318578,57.9034331589
SN2020sbw,IIb,0.023033,41.5138246463,3.32990662903
SN2020faa,II,0.04106,221.789456173,72.7365432726
SN2020scb,Ic,0.017429,4.6067665278,18.5165354063
SN2020rph,Ic-BL,0.03,48.824219001,37.0140938791
SN2020pni,II,0.01687,225.958167,42.114031
SN2020rlj,Ia,0.045,345.290059561,23.4872227538
SN2020rgz,Ia,0.0285,273.004417,51.724581
SN2020rqk,Ia,,240.243542,70.604181
SN2020qvw,II,0.05,250.983420236,77.8799209835
SN2020qvw,II,0.05,250.983420236,77.8799209835
SN2020pqv,II,0.0338,220.498167,8.462719
SN2020nlb,Ia,,186.35075,18.20355
SN2020nxt,Ibn,,339.400980463,35.0021327976
SN2020cxd,II,0.003883,261.621917,71.09405
SN2020nub,IIn,0.017,30.98375,-23.31395
PGIR20EID,II,,,
SN2020qic,Ia,0.048,3.773333,43.343289
SN2020pst,Ia,0.046,18.300167,2.283839
SN2020pjj,Ia-pec,0.03,207.672083,30.489031
SN2020mso,Ibn,0.1,271.55974855833,50.726268233333
SN2020nyb,II,0.015527,29.783917,86.676211
SN2020nvw,II,0.03,228.58186838,39.930978633
SN2020nta,Ia-91bg-like,0.033953,241.8472904,13.892707425
SN2020nvb,Ia,0.002939,187.244917,3.572781
SN2020noz,IIn,0.025,187.251042,7.849561
SN2020nif,II,0.010374,196.05725,-10.350969
SN2020hvf,Ia,0.005838,170.360208,3.014681
SN2020mvk,II,0.01503,203.940333,-30.8751
SN2020mst,II,0.059,281.793922175,60.496785
SN2020llx,II,0.009947,328.05849,-55.56227
SN2020lse,Ia,0.016,160.259125,-27.08345
SN2020mjm,II,0.005134,217.372208,-0.0216
SN2020jhm,SLSN-I,0.06,233.25950536,67.9134729587
SN2020hgr,SLSN-II,0.1258,214.1104402,70.4135603
SN2020lil,Ia,0.0307,219.498583,9.388539
SN2020cui,IIn,0.025,170.581875,-7.579761
SN2020lao,Ic-BL,0.031162,256.7275,30.2715
SN2020lao,Ic-BL,0.031162,256.7275,30.2715
SN2020hgw,II,0.043,214.579719788,38.9295566266
SN2020kyx,Ia,0.031985,243.439625,22.920661
SN2020kpx,Ia,0.02291,234.542292,4.780669
SN2020kyg,Iax,0.008736,197.915012221,22.915514971
SN2020jqm,Ic-BL,0.03696,207.327350469,-3.76952042394
SN2020jgl,Ia,0.006758,142.243442219,-14.8055223401
SN2019mtk,IIn,0.084,13.743917,44.09015
SN2016ccz,Ia,0.0149,217.788333,27.235972
SN2020cxd,II,0.003883,261.621917,71.09405
SN2020iak,II,0.061316,199.345375,32.588539
SN2019uit,IIn,0.071,192.567042,21.337611
SN2020ikq,IIb,0.037,204.020901072,28.9833628928
SN2019oys,Ib,0.016501,106.996917,31.665361
SN2020fqv,IIb,0.007522,189.138583,11.231631
SN2020jdo,Ia,0.071,273.931854801,58.2152610216
SN2020hvp,Ib,0.005247,245.439125,-2.289269
SN2020bqj,Ibn,0.068,233.41867324,34.47894556
SN2020iez,II,0.032668,147.118270731,50.922479425
SN2020fqv,IIb,0.007522,189.138583,11.231631
SN2020ftl,Ia,0.0073,185.015708,5.343289
SN2020fxa,Ia,0.064,233.637667,37.533831
SN2019zcr,SLSN-II,0.259,194.678749731,15.2117115053
SN2019smj,IIn,0.06,117.419667,5.074211
SN2020ekk,II,0.011,251.188125,22.513261
SN2020dyu,II,0.05,184.913045505,33.0403874356
SN2020ees,Ia,0.024424,201.813292,32.033619
SN2020nt,SLSN-II,0.1867,229.053611852,2.32585447335
SN2020dya,II,0.030074,216.905403825,69.68641165
SN2020dul,Ia,0.07,224.307920803,49.6743426198
SN2020cwd,Ibn,0.052,91.74617,-49.00665
SN2020dko,Ia,0.0225,204.987747244,0.828189947664
SN2020dhj,Ia,0.04417,223.37659252,17.2891396457
SN2020czo,Ia,0.0267,165.29709187143,12.474773157143
SN2020bio,SN,0.009,208.90703115,40.4775408709
SN2020dcs,IIn,0.02402,183.35615716667,37.699387633333
SN2020ue,Ia,0.003,190.694917,2.659481
SN2020bpi,Ia,0.041,200.870917,62.446231
SN2020oi,Ic,0.0052,185.728875,15.8236
SN2020bvc,Ic-BL,0.025235,218.48753882,40.2437842405
SN2020big,Ibn,0.0245,75.3159253937,-14.0244671901
SN2020bvc,Ic-BL,0.025235,218.48753882,40.2437842405
SN2020amv,II,0.0452,132.419542,30.1874
SN2020akf,Ia-91T-like,0.012454,142.16525,38.563111
SN2019unb,SLSN-I,0.0635,146.987542,0.82665
SN2020aze,II,0.009,159.313625,-41.6247
SN2020aqe,II,0.012255,175.874,-16.7981
SN2020alh,Ia,0.016,210.91151338,-33.9770522535
SN2020vg,II,0.0087,177.226792,-4.6816
SN2020oi,Ic,0.0052,185.728875,15.8236
SN2019szu,SLSN-I,0.213,2.55475,-19.69235
SN2019xis,Light-Echo,0.0009,84.057083,-69.273528
SN2021aaev,II,0.156,20.782625,-3.187
SN2021afkk,II,0.0138,37.4998676863,28.6341857571
SN2021acya,IIn,0.063,60.557333,-28.391589
SN2021aefx,Ia,0.005,64.9725,-54.948081
SN2021ibn,II,0.044,132.558667,37.026969
SN2019ehk,Ib,0.0043,185.733958,15.826119
SN2020abjc,SLSN-I,0.219,142.001139801,14.1212839616
SN2021afuq,Ic,0.009,156.967290323,-43.9019903226
SN2020jfv,IIb,0.01709,346.648958,0.612111
SN2021agbn,II,0.01474,59.303542,-25.403381
SN2021afur,Ia-91bg-like,0.028,155.5541569,17.861225066667
SN2021afcp,Iax,0.041,160.375458,-12.36625
SN2021j,Ia,,,
SN2021zcl,SLSN-I,0.117,77.3102410714,-6.05385274835
SN2021adly,SN,0.042,172.17418239,35.112629988
SN2021yja,IIP,0.0053,51.08825,-21.565611
SN2021adou,IIn,0.039,14.463769406,9.63131134786
SN2021adlw,II,0.004897,175.324257734,36.5429352609
SN2021uvy,Ib-pec,0.0944,7.3786418772,12.1058488772
SN2021aczp,II,0.048,144.171518,-21.10705
SN2021gno,Ib,0.006211,183.042875,13.249181
SN2021zny,Ia-SC,0.0266,30.899167,15.7426
SN2021abze,II,0.0148,10.8843865335,14.3427825741
SN2020yue,SLSN-II,0.204,165.00137016,21.1127353
SN2021njo,II,0.03797,241.779042,47.443639
SN2021abpt,Ia,0.014,96.4842054993,39.6737005563
SN2021yky,II,0.076,16.959267072222,27.314798955556
SN2021aabp,Ic-BL,0.07,347.479519414,9.68582812039
SN2021aakl,Ia-91T-like,0.029,47.4246373439,-4.58810213727
SN2019cqc,SLSN-II,0.1173,275.42938491,30.9926367957
SN2020acct,IIn,0.035,146.233561417,31.0960365255
SN2021zfx,Ibn,0.069,317.348927591,9.76088904595
SN2021ywf,Ic-BL,0.02825,78.5457979186,1.88120467334
SN2021ysx,Other,0.102,316.134971578,-0.0479000055107
SN2021zgm,II,0.013309,278.951445675,22.4625748375
SN2021yyg,IIP,0.011625,79.087625,-13.477769
SN2021zet,II,0.032,328.055625,-23.376989
SN2021ybc,IIb,0.02925,37.329277271,-4.68175629635
SN2021gmj,II,0.0034,159.696958,53.508419
SN2021utq,Varstar,,229.621167,73.358731
SN2021xju,Ia,0.01558,305.629417,-53.278861
SN2021uds,IIn,0.013,2.68381,-63.10095
SN2020aekp,Ia-CSM,0.046,235.797458,17.813111
SN2021xbg,Ib/c,0.0319,35.985200434,-6.70102230923
SN2021wvd,II,0.045,227.645763846,13.4585363173
SN2021ukt,IIn,0.012886,12.353583,-1.766339
SN2021tyw,II,0.013,346.48525,14.3577
SN2021uyc,Ic,0.019046,329.188925824,27.9049307833
SN2021pit,Ia,0.003898,56.125875,-44.632569
SN2021uhk,Ib,0.035,351.556647524,1.14557090358
SN2021vaz,II,0.013122,85.507167,69.376869
SN2020sgf,Ic,0.02208,50.719833,42.556131
SN2021too,Ic-BL,0.07,325.226190136,10.3251507424
SN2021uqw,IIb,0.028019,328.497611052,6.6975154457
SN2021uoy,II,0.03347,343.906079101,19.1738675051
SN2021ucg,II,0.01718,341.906989287,39.8831991607
SN2021qvr,II,0.011639,352.111042,22.419969
SN2021rhu,Ia,0.003506,0.814286206427,16.1457079318
SN2021smj,Ia,0.00424299994,186.694,8.882669
SN2021qvv,Ia-91bg-like,0.001825,187.012167,9.80285
SN2021qwq,II,0.010971,221.85225,-22.405581
SN2021skf,Ia,0.01175,193.488958,-8.770769
SN2021skn,II,0.02974,246.204209642,39.734654696
SN2021sjt,IIb,0.00475,309.33000691667,66.106417016667
SN2021rhu,Ia,0.003506,0.814286206427,16.1457079318
SN2021rhk,II,0.022596,210.76,8.765669
SN2021apg,II,0.026898,205.330225697,24.495536877
SN2021gno,Ib,0.006211,183.042875,13.249181
SN2021ek,SLSN-I,0.193,50.9579738734,-10.0447731875
SN2021ont,II,0.02833,246.676982796,39.1452730588
SN2021pfs,Ia,0.008733,210.84825,-6.031639
SN2021qbc,II-pec,0.046,292.510875,35.046311
SN2021oat,Ia,0.02252,195.034417,28.170311
SN2021pfs,Ia,0.008733,210.84825,-6.031639
SN2021njk,Ib-pec,0.012952,159.839417,-29.5822
SN2021nyu,II,0.035955,242.770814135,18.4995393404
SN2021mwj,II,0.007575,144.17412375,-21.14641625
SN2021lwz,SLSN-I,0.065,146.197458,34.712281
SN2021mim,Ia,0.03812,235.089020072,7.28152761418
SN2021lwz,SLSN-I,0.065,146.197458,34.712281
SN2021mxs,Ia,0.03441,193.859134925,52.2653808935
SN2021mxx,Ic,0.00965,284.2136326,36.6223349
SN2021niq,Ib,0.017578,234.02796949999998,43.4059958
SN2021mqh,II,0.0233,174.960292,-7.607389
SN2021msa,II,0.010945,155.731667,65.200869
SN2021mnj,II,0.01521,221.335792,38.738489
SN2021mqh,II,0.0233,174.960292,-7.607389
SN2021jbi,IIn,0.14,199.66262375,-41.2533525
SN2021lxb,Ia,0.0259,195.494375,28.008569
SN2021kyv,SN,0.1,216.98036746,33.0020775659
SN2021low,Ia,0.021958,176.19275,20.126189
SN2021kwc,IIn,0.021759,203.94965665,2.999819985
SN2020aeuh,Ia,0.126,188.966067389,37.7034433937
SN2021foa,IIn,0.008386,199.301474895,-17.257157518
SN2019aafe,IIn,0.074,349.068683,48.428444
SN2021kgj,IIn,0.014347,183.531427498,-12.5879993964
SN2021iyt,Ibn,0.0712,154.685042503,0.055396560455
SN2021hpr,Ia,0.009346,154.160917,73.4005
SN2021hiz,Ia,0.003319,186.423625,7.228389
SN2021jpk,Ibn,0.038,219.750113048,12.6694536941
SN2021hpx,SLSN-I,0.213,142.776083,-19.517989
SN2021csp,Icn,0.083,216.592143243,5.85921558693
SN2021jtt,II,0.023393,145.318548737,35.8840557357
SN2021fmu,SLSN-II,0.14,157.984333,-15.95545
SN2021jad,Ia,0.0055,83.342375,-21.951861
SN2021jag,Ia,0.008382,181.687349126,67.1649453233
SN2021hku,Ic-BL,0.011,308.00797,-53.74952
SN2021ghc,Ia,0.046217,149.137458,0.752289
SN2021fxy,Ia,0.0094,198.256542,-19.51255
SN2021hen,I,0.021125,196.9328598,24.8105317
SN2020aeuh,Ia,0.126,188.966067389,37.7034433937
SN2021dov,Ia,0.012,134.077958,-0.442139
SN2021gmj,II,0.0034,159.696958,53.508419
SN2021gvm,II,0.0246,202.505101233,13.4111881762
SN2020ywx,IIn,0.0217,178.359292,10.896469
SN2020rsc,IIb,0.0313,19.9854288,38.1860177
SN2021enz,II,0.024,181.77175,42.988411
SN2021dnm,Ia,0.046105,189.350889393,23.0935396452
SN2020udy,Iax,0.017222,31.705625,44.587581
SN2021dwg,Ic,0.026,214.566537996,0.888429994766
SN2021ckj,Icn,0.143,136.462846191,-8.58543366557
SN2021dbg,II,0.02,141.111625,-6.581431
SN2021cwc,Ia,0.021,99.945125,65.452061
SN2020uem,IIP,0.041,126.099375,-3.488639
SN2021can,II,0.0207,193.878314526,30.027999767
SN2021cgu,II,0.026,165.765458,5.098169
SN2021bhd,Ib/c,0.006,207.061537748,68.0897046109
SN2021bug,II,0.005847,188.594868709,2.31728679295
SN2021bnw,SLSN-I,0.098,163.467375,12.55805
SN2021bmx,Ia,0.0146,153.709375,-38.191639
SN2021ek,SLSN-I,0.193,50.9579738734,-10.0447731875
SN2020adkm,SLSN-I,0.226,51.253352391667,11.939503225
SN2021biy,LRN,0.002021,190.516772235,32.5355208587
SN2021arg,II,0.031,67.8282637616,-10.3963852432
SN2021ass,II,0.011791,27.542208,27.645219
SN2021aek,II,0.022,179.950083,-21.386969
SN2021ads,Ia,0.013,203.781428889,-33.4831355556
SN2021aai,II,0.007412,108.611917,84.380961
SN2021pb,IIb,0.03317803,146.195042368,51.6873680481
SN2021zj,II,0.046,169.136292,29.09615
SN2021nx,II,0.058,39.3051297,-27.5159635
SN2021ok,II,,82.8813425005,-20.5206972483
SN2020wnt,I,0.032,56.658125,43.22925
SN2021do,Ic,0.009346,154.235508012,73.3974807308
SN2021do,Ic,0.009346,154.235508012,73.3974807308
SN2021k,Ia,,,
SN2022acsh,Ia,0.03,159.2658782,43.6479848
SN2022acko,II,0.005264,49.912458,-19.395189
SN2022acch,SLSN-I,0.42,141.007982789,-13.5247208413
SN2022xgc,SLSN-I,0.31,108.1742088,7.316653
SN2022abdu,SLSN-I,0.13,46.5204390909,-46.7213890909
SN2022adby,Ia,0.0917,54.7968290036,-18.3644927204
SN2022acmt,II,0.045,48.982458,-18.085089
SN2022wsp,II,0.007318,345.014691598,15.9784993196
SN2022pgf,II-pec,0.008216,227.924583,59.820081
SN2022xxf,Ic-BL,0.003,172.524751327,9.28260391655
SN2022jli,Ic,0.006,8.690375,-8.386711
SN2022xkq,Ia-91bg-like,0.007735,76.348792,-11.88225
SN2022xkq,Ia-91bg-like,0.007735,76.348792,-11.88225
SN2022aaiq,Ia,0.006484,216.633380265,56.5842125458
SN2022xzc,Ic-BL,0.027,180.302442791,22.6153415064
SN2022aagp,II,0.004908,137.674602984,7.20564145452
SN2022zut,Ia,0.003309,175.245082929,11.4696987478
SN2022ywf,Ia,0.0078,20.5508175803,0.956578757112
SN2022ydn,Ic-BL,0.041,64.0197942857,-2.61672
SN2022ywf,Ia,0.0078,20.5508175803,0.956578757112
SN2022dml,II,0.03,244.371333,14.41795
SN2022jox,II,0.0088,149.4355,-28.51585
SN2022ibv,II,0.014357,162.267333,-29.374911
SN2022ffg,II,0.012,153.450958,18.127319
SN2022yjl,II,0.08,334.492962102,10.9953184408
SN2022xzm,Ia,0.017949,4.24085775845,22.5246813526
SN2022wsp,II,0.007318,345.014691598,15.9784993196
SN2022xlp,Iax,0.002695,178.206571,44.100975
SN2022xmo,Ia-91T-like,0.08591,140.5860405,28.8046481
SN2022epu,Ic,0.031,228.691862,31.223633
SN2022pda,Ibn,0.062,331.057896953,-18.8279057555
SN2022wol,II,0.0177,27.8657618761,36.0643423925
SN2022vqz,Ia-pec,0.016995,12.7740909222,29.5367102276
SN2022vpm,II,0.0217,260.637,26.76785
SN2022vpu,SN,0.0493,19.9564517037,-18.2506827433
SN2022vpm,II,0.0217,260.637,26.76785
SN2021jun,Iax,0.04,152.792587976,54.5506854654
SN2022ssk,Ia,0.042,37.3689304664,-5.84835813257
SN2022oqm,Ic-pec,0.012,227.28421256,52.5347606571
SN2022sio,II,0.026,261.8476473,56.558826800000006
SN2022ryd,Ib,0.01,299.656375,2.599931
SN2022sje,II,0.0155,275.522167,66.624489
SN2022prr,IIn,0.01516,285.4245723,40.7510186
SN2022ryi,Impostor-SN,0.005017,64.8938416667,-54.9842716667
SN2022rmk,LBV,0.009,335.704783649,-20.3503430823
SN2022qzr,IIb,0.019,2.47916889539,-5.02113501947
SN2022pul,Ia,0.003,186.703526264,8.44870123318
SN2021qqp,IIn,0.041,338.168398466,25.5763206415
SN2022qhy,Ibn,0.006124,90.287167,-23.666619
SN2021ahpl,SLSN-I,0.051,228.991417,-19.292211
SN2018gn,II,,26.676875,32.508139
SN2022prv,II,0.015101,235.032292,20.675469
SN2022oqm,Ic-pec,0.012,227.28421256,52.5347606571
SN2022ovb,II,0.0183,335.623125,36.004961
SN2022esa,Ia-CSM,0.023,253.49,-9.70285
SN2022nyo,Ib,,185.069292,-40.394381
SN2022mxv,II,0.014046,357.771375,20.152481
SN2022hrs,Ia,0.0047,190.8930637,11.5766311
SN2022ngb,IIb,0.009,284.2145,36.618839
SN2022ncc,II,0.0542,211.413542,20.641211
SN2022mma,IIn,0.038,219.756208,15.986581
SN2022mji,II,0.004,145.725292,31.850989
SN2019qch,II,0.024,277.307542,41.042319
SN2021aaqn,II,0.028,39.4924339776,-1.83144666583
SN2021tyw,II,0.013,346.48525,14.3577
SN2021can,II,0.0207,193.878314526,30.027999767
SN2021aek,II,0.022,179.950083,-21.386969
SN2021zj,II,0.046,169.136292,29.09615
SN2020nif,II,0.010374,196.05725,-10.350969
SN2022lxq,Ia,0.017,201.722,57.464769
SN2020uxz,Ia,0.008246,21.028708,12.921461
SN2021aabp,Ic-BL,0.07,347.479519414,9.68582812039
SN2020tkx,Ic-BL,,280.0375,34.116539
SN2022ihz,Ia-91bg-like,0.006,145.700917,-3.607069
SN2019tsf,Ib,0.03,167.136667,-10.481789
SN2022jzc,II,0.0029,181.369458,50.526889
SN2022joj,Ia,0.03,220.416905684,3.00675767929
SN2022jzc,II,0.0029,181.369458,50.526889
SN2022jux,II,0.026358,121.842737425,40.3929995709
SN2022hgk,Ib,0.033,212.598667,44.233681
SN2022esa,Ia-CSM,0.023,253.49,-9.70285
SN2022idx,Ia-91T-like,0.0141,193.300833,-6.385231
SN2021ahpl,SLSN-I,0.051,228.991417,-19.292211
SN2022erq,Ia-CSM,0.066,278.355667,44.086569
SN2022hvp,TDE,0.12,148.6885,55.440381
SN2022ihx,Ibn,0.033,289.1600758375,61.68763455
SN2022inn,II,0.010837,170.362792,63.0235
SN2022ilv,Ia-SC,0.031,227.684417,-11.599439
SN2022irp,II,0.033047,134.197793,29.9229834
SN2022czy,TDE,0.109,185.504708,16.995561
SN2020eyj,Ia,0.03,167.946583,29.3851
SN2022hsu,IIn,0.018,332.907167,46.311119
SN2022hql,II,0.023,207.02587985,12.074962549999999
SN2022hnt,IIb,0.0192,174.24897524285714,55.1639571
SN2022fuc,IIP,0.0091,188.642625,63.518461
SN2022fae,II,0.042,152.8652786,-26.5844547
SN2022frl,Ib-pec,0.006,230.388083,-7.447789
SN2022eux,Ibn,0.025237,88.880125,-15.676181
SN2022frq,II,0.022579,201.987,-13.416481
SN2022ffv,Ia,0.006,54.1238145455,-35.2893304545
SN2022qh,Ic,0.02,164.833542,-43.2686
SN2022eyu,II,0.036,173.705651139,11.2534753863
SN2022eqb,Ic-BL,0.06,202.274668332,-4.90603337435
SN2022ewj,IIP,0.010134,161.644232602,13.7547309665
SN2022ewh,CV,0,166.94273,-46.5446466667
SN2022csn,TDE-H-He,0.148,112.228875,26.897031
SN2022erw,Ia,0.015,162.74075,-2.1498
SN2022eat,Ia,0.027,167.879083,19.827269
SN2022cvz,SLSN-II,0.188,176.487606263,5.86151835837
SN2022crr,Ic-BL,0.0188,231.204715446,-21.3893701875
SN2022dmf,Ia,0.03,211.74439375,-39.10368
SN2021tcv,II,0.017,32.8916626,43.9797916
SN2022crv,Ib,0.008091,148.607958,-25.7031
SN2022an,Ia-91bg-like,0.007,190.884333,-41.365989
SN2020jhs,IIn,0.065,142.058708,25.670369
SN2022jo,II,0.0265,195.156917,28.057139
# asassn-14hu not observed wrong coordinates,Ia,0.015,,
# asassn-16do is a cv,,,,
# no sn2010am -- mislabeled in template observations,,,,
# sn2017fyp nova,nova,,,
#AT2016cny,cv,,,
#AT2017bgt,AGN,,,
#AT2019azh,TDE,,,
#AT2021afkg,AGN,,,
#AT2021afpi,CV,,,
#AT2021sdu,TDE,,,
#Asassn-14ae,tidal disruption event,0.043671,,
#Asassn-15ek nova,nova,,,
#Asassn-15th,Nova,,,
#Asassn-17lz declined,Ia,0.017,,
#MASTERJ132501.00+431846.1 CV,Unk,0.004,,
#OGLE17aaj?,TDE,,,
#PTF10fqs red nova,,,,
"#Sn2010b was not observed, sn2011b was misnamed in request",,,,
#Sn2016ajn,CV or nova,,,
#Sn2016cpd,,,,
#Sn2016ewr,CV,,,
#Sn2017bgt,AGN,0.064,,
#Sn2017cxx,,,,
#Sn2017egv,cv,,,
#Sn2017emb not observed_mislabeled should be 2017ebm?,,,,
#Sn2017fro?,AGN,0.164,,
#Sn2017fzy declined,Ia,0.014,,
#Sn2017ghu declined?,unk,0.018,,
#Sninngc5112,LBV,0.003252,,
#beginning of swift-asassn program,,,,
#iPTF15eov,,,,
ASassn-13ch,Ia,0.01646,,
ASassn-13cj,Ia,0.018,,
ASassn-13co,II,0.023063,,
ASassn-13dd,Ia,0.01255,,
ASassn-13dn,II,0.023,,
ASassn-14ad,Ia,0.026425,,
ASassn-14ar,Ia,0.02298,,
ASassn-14bu,IIP,0.0254,,
ASassn-14dc,IIn/Ia-CSM,0.044,,
ASassn-14dd,Ibn,0.017722,,
ASassn-14eu,Ia-pec?,0.022722,,
ASassn-14fa,Ia,0.022589,,
ASassn-14fd,IIn,0.015367,,
ASassn-14ha,II,0.005017,,
ASassn-14il,IIn,0.021989,,
ASassn-14jb,II,0.006031,,
ASassn-14kd,Ia-91T-like,0.026,,
ASassn-14kr,Ia,0.014,,
ASassn-14lp,Ia,0.0051,,
ASassn-14lw,Ia,0.023,,
ASassn-14ms,Ibn,0.054,,
ASassn-15aj,Ia,0.010921,,
ASassn-15ar,Ia,0.02882,,
ASassn-15cq,Ia,0.027276,,
ASassn-15fi,II,0.017182,,
ASassn-15fz,II,0.017479,,
ASassn-15ga,Ia-99by,0.006631,,
ASassn-15hf,Ia,0.006178,,
ASassn-15hx,Ia,0.01?,,
ASassn-15hy,Ia-SC,0.025,,
ASassn-15kg,Ia-pec?,0.014257,,
ASassn-15lh,SLSN-I,0.2326,,
ASassn-15mj,Ib,0.0344,,
ASassn-15ns,Ia,0.030671,,
ASassn-15od,Ia,0.017989,,
ASassn-15og,Ia-CSM,0.0437,,
ASassn-15oz,II,0.006929,,
ASassn-15pz,Ia-SC,0.014903,,
ASassn-15qc,Ia,0.017649,,
ASassn-15qh,II,0.010207,,
ASassn-15rq,Ia,0.025,,
ASassn-15rw,Ia,0.0189,,
ASassn-15sf,Ia,0.027,,
ASassn-15so,Ia,0.007125,,
ASassn-15ti,Ia,0.016,,
ASassn-15tj,Ia,0.022265,,
ASassn-15ts,Ia,0.059978,,
ASassn-15ua,,,,
ASassn-15uh,Ia-91T-like,0.0135,,
ASassn-15um,Ic,0.02,,
ASassn-15ut,Ia-pec,0.011471,,
ASassn-15uw,Ia,0.030811,,
SN2017cjr,Ia,0.014,,
SN2017cts,,0.02,255.798833,61.457261
SN2017dhr,Ia,0.007,,
ASassn-17gx,,,,
SN2017ejw,Ia,0.019,,
SN2017erv,,,289.695833,-84.697331
SN2017fbj,Unk,0.018,,
SN2017guh,Ia,0.015427,,
SN2017haf,Ia,0.0161,,
SN2017hgz,Ia,0.016151,,
SN2017igf,Ia,0.005624,,
SN2017iji,Ia,0.013493,,
SN2017isj,Ia,0.01933,,
SN2017iyw,Ia,0.017,,
SN2017jdx,Ia,0.019417,,
SN2018jgn,,0.06659,0.732875,-26.914519
SN2018gl,Ia,0.017906,,
SN2018gn,II,0.037503,,
SN2018oh,Ia,0.010981,,
SN2018vw,Ia,0.02,,
SN2018alc,Ib,0.01814,,
SN2018apl,,0.001818,,
SN2018hxf,,0.0296,65.5748442,-5.4682797
AT2016blu,LBV,0.002692,,
AT2019clr,,,,
AT2019eez,,,,
AT2021agbn,II,,,
CSS081009,SLSN-II,0.285,,
CSS14,IIn,0.033,,
CSS140914,Ia,0.03,,
CSS141028,Ib,0.009,,
DES15S2nr,SLSN-I,0.22,,
Gaia15acw,II,0.025114,,
SN2016dxj,Ia,0.094,,
LSQ11ot,Ia,0.026,,
LSQ12gdj,Ia-SC,0.0303,,
LSQ13crf,Ia,0.06,,
LSQ13cuw,IIL,0.05,,
LSQ13ddu,I,0.058454,,
LSQ13ry,Ia,0.029857,,
LSQ14mo,SLSN-I,0.25,,
LSQ14pt,IIn,0.059,,
LSQ15abl,SLSN-II,0.1,,
OGLE15qz,SLSN-I,0.63,,
OGLE15sd,SLSN-I,0.56,,
OGLE16dmu,SLSN-I,0.426,,
PS1-12sk,Ibn,0.054,,
PS1-14xw,Ia,0.02448,,
PS15aot,Ia-91bg?,0.030354,,
PS15bgt,Ib-IIb,0.0089,,
PS15blq,SLSN-IIn,0.125,,
PS15br,SLSN-II,0.101,,
PS15ces,IIn,0.134,,
PS15cku,Ia,0.023,,
PS15cwo,IIP,0.037,,
PS15cww,IIn,0.063,,
PS15jf,imposter?,0.004923,,
PSn2014inm61,imp?,0.005224,,
PSninngc55,imposter?,0.00043,,
PSnj09100885+5003396,Ia-SC,0.026,,
PSnj23374322-4730393,Ia,0.011014,,
PTF09atu,SLSN-I,0.501,,
PTF09cnd,SLSN-I,0.258,,
PTF09dlc,Ia,0.07,,
PTF09dnp,Ia,0.04,,
PTF10aagc,SLSN-I,0.206,,
PTF10abyy,II,0.0297,,
PTF10icb,Ia,0.008606,,
PTF10qaf,SLSN-II,0.2836,,
PTF10qts,Ic-BL,0.0907,,
PTF11dsf,SLSN-II,0.3848,,
PTF11iqb,IIn,0.012499,,
PTF11qax,II,0.021854,,
PTF11qcj,Ic-BL,0.0287,,
PTF11rks,SLSN-I,0.1924,,
PTF12dam,SLSN-I,0.1073,,
PTF12epg,SLSN-II,,,
PTF12gzk,Ic,0.0137,,
PTF12mkp,SLSN-II,0.153,,
PTF12mxx,SLSN-I,0.3296,,
PTF13bvn,Ic,0.00449,,
SN2005am,Ia,0.0079,,
SN2005bc,Ia,0.01227,,
SN2005bf,Ib,0.01891,,
SN2005cf,Ia,0.00646,,
SN2005cs,II,0.00154,,
SN2005da,Ic-bl,0.01501,,
SN2005df,Ia,0.00435,,
SN2005ek,Ic,0.016551,,
SN2005gj,Ia-CSM,0.062,,
SN2005hk,Ia-02cx,0.01299,,
SN2005ip,IIn,0.007138,,
SN2005kd,IIn,0.01504,,
SN2005ke,Ia-91bg,0.00488,,
SN2005mz,Ia-91bg,0.01756,,
SN2006aj,Ic-bl,0.033,,
SN2006at,II,0.01,,
SN2006bc,II,0.00455,,
SN2006bp,IIP,0.00351,,
SN2006bv,IIn,0.00838,,
SN2006dd,Ia,0.00587,,
SN2006dm,Ia,0.02202,,
SN2006dn,Ib,0.017179,,
SN2006e,Ia,0.00272,,
SN2006ej,Ia,0.02045,,
SN2006gy,IIn,0.01919,,
SN2006jc,Ibn,0.00557,,
SN2006jd,IIb/IIn,0.018556,,
SN2006lc,Ib,0.01623,,
SN2006lt,Ib,0.015,,
SN2006mr,Ia,0.00587,,
SN2006t,IIb,0.00809,,
SN2006x,Ia,0.00524,,
SN2007aa,II,0.004887,,
SN2007af,Ia,0.005464,,
SN2007ax,Ia-91bg,0.006861,,
SN2007bb,II,0.020858,,
SN2007bg,Ic-bl,0.034,,
SN2007bm,Ia,0.006211,,
SN2007c,Ib,0.005604,,
SN2007ch,IIP,0.007315,,
SN2007ck,II,0.016962,,
SN2007co,Ia,0.016962,,
SN2007cq,Ia-91T-like,0.025,,
SN2007cv,Ia,0.007562,,
SN2007d,Ic-bl,0.023146,,
SN2007fo,Ib,0.009333,,
SN2007gi,Ia,0.00482,,
SN2007i,Ic-bl,0.021639,,
SN2007od,II,0.005784,,
SN2007on,Ia,0.006494,,
SN2007pk,IIn,0.016655,,
SN2007s,Ia,0.01388,,
SN2007sr,Ia,0.005688,,
SN2007uy,Ib,0.006494,,
SN2007y,Ib/c,0.004637,,
SN2008a,Ia-02cx,0.016428,,
SN2008ae,Ia-02cx,0.030002,,
SN2008am,IIn,0.234,,
SN2008aq,IIb,0.007972,,
SN2008aw,II,0.010374,,
SN2008ax,IIb,0.001885,,
SN2008bo,Ib,0.00495,,
SN2008cg,Ia-CSM?,0.036,,
SN2008d,Ib,0.006494,,
SN2008dq,Ic,0.031358,,
SN2008dx,Ia-91bg,0.035,,
SN2008eb,Ic,0.007612,,
SN2008ec,Ia,0.016317,,
SN2008es,SLSN-II,0.205,,
SN2008ex,IIn,0.013159,,
SN2008fz,Ic,0.133,,
SN2008ge,Ia,0.004043,,
SN2008ha,Ia,0.004647,,
SN2008hs,Ia,0.017369,,
SN2008hv,Ia,0.012549,,
SN2008ij,II,0.00495,,
SN2008in,IIP,0.005224,,
SN2008iy,SLSN-II,0.0411,,
SN2008m,II,0.007562,,
SN2008q,Ia,0.007935,,
SN2008s,IIn-Imp?,0.00016,,
SN2009aj,II,0.009618,,
SN2009an,Ia,0.009233,,
SN2009at,II,0.005014,,
SN2009au,IIn,0.009404,,
SN2009ay,II,0.022182,,
SN2009bb,Ic,0.009877,,
SN2009bw,II,0.003853,,
SN2009cz,Ia,0.021138,,
SN2009dc,Ia-SC,0.021391,,
SN2009dd,II,0.002524,,
SN2009gf,Ia,0.018523,,
SN2009gj,IIb,0.005277,,
SN2009hd,II,0.002425,,
SN2009ig,Ia,0.00877,,
SN2009ip,imp-IIn,0.005944,,
SN2009iz,Ib,0.014196,,
SN2009jb,Ia,0.03,,
SN2009jf,Ib,0.007942,,
SN2009jh,SLSN-I,0.349,,
SN2009jr,Ia,0.016548,,
SN2009kr,IIn/L?,0.006468,,
SN2009ll,IIP,0.044537,,
SN2009lm,IIP,0.01908,,
SN2009mg,IIb,0.007562,,
SN2009mi,Ic,0.010377,,
SN2009mk,IIb,0.005043,,
SN2009n,IIP,0.003449,,
SN2009y,Ia,0.009353,,
SN2010ae,Ia-p,0.003662,,
SN2010ah,Ic,0.0498,,
SN2010al,IIn,0.0172,,
SN2010bj,IIP,0.007589,,
SN2010br,Ib/c,0.002336,,
SN2010bt,IIn,0.016151,,
SN2010bv,Ia,0.008659,,
SN2010c,LBV,0.026758,,
SN2010cn,Ib,0.026,,
SN2010cr,Ia,0.02157,,
SN2010da,LBV,0.00048,,
SN2010dn,LBV,0.001975,,
SN2010dv,?,0.009924,,
SN2010el,Ia-p,0.005017,,
SN2010ev,Ia,0.009211,,
SN2010f,II,0.00931,,
SN2010fy,Ia,0.049,,
SN2010gn,Ia,0.0365,,
SN2010gp,Ia,0.02448,,
SN2010gs,II,0.027135,,
SN2010gx,SLSN-I,0.2297,,
SN2010hh,Ia,0.019006,,
SN2010hq,IIP,0.007348,,
SN2010id,II,0.016475,,
SN2010ih,Ia,0.007288,,
SN2010jl,IIn,0.010697,,
SN2010jn,Ia,0.025047,,
SN2010jp,IIn,0.009143,,
SN2010jr,IIb,0.012445,,
SN2010kd,SLSN-I,0.1,,
SN2010kg,Ia,0.016642,,
SN2010ko,Ia,0.010441,,
SN2010mb,Ic-PI?,0.1325,,
SN2010md,SLSN-I,0.0987,,
SN2010o,Ib,0.010411,,
SN2010s,Ic,0.17,,
SN2010u,LBV,0.00097,,
SN2010x,?,0.015014,,
SN2010y,Ia,0.01086,,
SN2011aa,Ia,0.012355,,
SN2011am,Ib,0.006635,,
SN2011ao,Ia,0.010706,,
SN2011at,Ia,0.006758,,
SN2011ay,Ia-99aa?02cx?,0.021,,
SN2011b,Ia,0.00467,,
SN2011bl,Ib/c,0.018426,,
SN2011by,Ia,0.002843,,
SN2011cb,IIb,0.007892,,
SN2011cj,IIP,0.007419,,
SN2011de,Ia,0.029187,,
SN2011dh,IIb,0.002,,
SN2011dm,Ia,0.00494,,
SN2011dn,Ia-91T-like,0.025272,,
SN2011ef,IIb,0.013373,,
SN2011eh,Ia-91bg,0.006785,,
SN2011ei,IIb,0.009313,,
SN2011ek,Ia-91bg,0.005027,,
SN2011fe,Ia,0.000804,,
SN2011fi,II,0.010441,,
SN2011fs,Ia,0.020914,,
SN2011gu,Ia,0.019033,,
SN2011hb,Ia,0.028924,,
SN2011hg,IIb,0.023636,,
SN2011hj,IIP,0.019,,
SN2011hs,IIb,0.00571,,
SN2011ht,IIn,0.003646,,
SN2011hw,Ibn,0.023,,
SN2011ia,Ia,0.019,,
SN2011im,Ia,0.016228,,
SN2011it,Ic,0.015894,,
SN2011iv,Ia,0.006494,,
SN2011iw,IIn,0.023,,
SN2011iy,Ia,0.004266,,
SN2011ja,IIP,0.001878,,
SN2011js,IIn,0.013803,,
SN2011ke,SLSN-I,0.1428,,
SN2011m,Ia,0.017432,,
SN2012a,II,0.002512,,
SN2012ak,II,0.041565,,
SN2012ap,Ic,0.012115,,
SN2012au,Ib,0.004483,,
SN2012aw,IIP,0.002595,,
SN2012bl,Ia,0.018706,,
SN2012ca,IIn-IaCSM?,0.01946,,
SN2012cc,II-87K,-0.00087,,
SN2012cg,Ia-99aa,0.001458,,
SN2012ck,II,0.042,,
SN2012cp,Ia,0.016531,,
SN2012cu,Ia,0.003469,,
SN2012cw,Ic,0.004486,,
SN2012da,Ia,0.018012,,
SN2012dh,IIb,0.009355,,
SN2012dn,Ia-SC,0.010187,,
SN2012fh,Ib/c,0.0001935,,
SN2012fr,Ia,0.005457,,
SN2012g,Ia,0.026635,,
SN2012hj,Ia,0.024597,,
SN2012hr,Ia,0.007562,,
SN2012hs,II,0.006424,,
SN2012ht,Ia,0.003559,,
SN2012ij,Ia-91bg,0.010998,,
SN2012k,II,0.0203,,
SN2012p,Ib/c,0.004533,,
SN2012t,Ia,0.026315,,
SN2012v,Ia,0.010964,,
SN2012z,Ia-02cx,0.007125,,
SN2013aa,Ia,0.003999,,
SN2013ab,IIP,0.004574,,
SN2013ag,Ia,0.02129,,
SN2013ai,IIP,0.009143,,
SN2013ak,II,0.003402,,
SN2013am,II,0.002692,,
SN2013bs,Ia,0.027612,,
SN2013bu,II,0.002722,,
SN2013by,IIn/IIL,0.003816,,
SN2013cg,Ia,0.007952,,
SN2013cj,IIn,0.032162,,
SN2013cs,Ia,0.00924,,
SN2013cu,IIb,0.025,,
SN2013cv,Ia,0.035,,
SN2013df,II,0.002388,,
SN2013dh,Iax,0.013356,,
SN2013dk,Ic,0.005477,,
SN2013dn,IIn,0.056185,,
SN2013dy,Ia,0.003889,,
SN2013e,Ia,0.009413,,
SN2013eh,Ia,0.034999,,
SN2013ej,II,0.002192,,
SN2013ek,Ib,0.015577,,
SN2013el,Ib,0.017475,,
SN2013eu,Ia,0.009266,,
SN2013ex,Ia,0.010441,,
SN2013f,Ib/c,0.005013,,
SN2013fn,Ia,0.027,,
SN2013fs,IIn/IIP,0.0118,,
SN2013fv,II,0.01,,
SN2013fw,Ia,0.01695,,
SN2013fy,Ia,0.03,,
SN2013gd,II,0.0134,,
SN2013ge,Ic,0.004356,,
SN2013gh,Ia,0.0088,,
SN2013gs,Ia,0.016888,,
SN2013gy,Ia,0.014023,,
SN2013hh,Ia-91T-like,0.012989,,
SN2013hn,Ia,0.01514,,
SN2013hx,SLSN-II,0.13,,
SN2013i,IIn,0.03527,,
SN2013l,IIn,0.016992,,
SN2013q,Ia,0.017239,,
SN2014a,IIP,0.005811,,
SN2014ad,Ic-BL,0.005723,,
SN2014ai,Ia,0.023176,,
SN2014ao,Ia,0.014083,,
SN2014ap,Ia,0.023516,,
SN2014as,Ic,0.012469,,
SN2014at,Ia,0.032242,,
SN2014ba,Ia-91bg,0.005841,,
SN2014bc,IIP,0.001494,,
SN2014bv,Ia,0.005594,,
SN2014c,Ib,0.0027,,
SN2014cd,Ia,0.020608,,
SN2014cn,II,0.012762,,
SN2014cp,Ic-BL,0.0162,,
SN2014cx,II,0.00549,,
SN2014df,Ib,0.003896,,
SN2014dg,Ia,0.004003,,
SN2014dt,Ia-02cx,0.005224,,
SN2014eg,Ia-91T-like,0.018633,,
SN2014eh,Ic,0.010207,,
SN2014ek,Ia-02cx,0.023126,,
SN2014es,IIn,0.019644,,
SN2014g,IIL,0.004503,,
SN2014gd,Ia,0.018283,,
SN2014ge,Ib,0.001891,,
SN2014gf,IIn/Ia-CSM,0.016,,
SN2014i,Ia,0.03,,
SN2014j,Ia,0.000677,,
SN2014l,Ic,0.008029,,
SN2014r,Ia,0.025,,
SN2015ah,Ib,0.016,,
SN2015ak,Ia,0.01037,,
SN2015an,IIP,0.008166,,
SN2015ap,Ib,0.011375,,
SN2015ar,Ia,0.017005,,
SN2015as,II,0.003646,,
SN2015bf,IIn,0.014227,,
SN2015bh,LBVgoneSN?,0.006494,,
SN2015bn,SLSN-I,0.11,,
SN2015bo,Ia-91bg,0.016195,,
SN2015bp,Ia-91bg,0.004069,,
SN2015bq,Ia-99aa,0.028,,
SN2015dc,Ia?,0.007562,,
SN2015dd,Ib,0.006,,
SN2015f,Ia,0.00489,,
SN2015g,Ibn,0.00475,,
SN2015i,Ia,0.0076,,
SN2015j,IIn,0.0054,,
SN2015m,Ia-91T-like,0.0231,,
SN2015n,Ia,0.01492,,
SN2015v,II,0.004566,,
SN2015z,IIn,0.028723,,
SN2016adi,Ia,0.015,,
SN2016adj,Ib,0.001825,,
SN2016aix,Ia-91T-like,0.029,,
SN2016aiy,IIn,0.01,,
SN2016aj,SLSN-I,0.485,,
SN2016ajf,Ia-91bg,0.0203,,
SN2016aps,SLSN-II?,0.265,,
SN2016aqf,II,0.004016,,
SN2016aqt,Ia-SC,0.05,,
SN2016arc,Ia,0.012725,,
SN2016ard,SLSN-I,0.2025,,
SN2016asf,Ia,0.021,,
SN2016b,II,0.004293,,
SN2016bau,Ib,0.003856,,
SN2016bfu,Ia-91bg,0.0104,,
SN2016bfv,II,0.0104,,
SN2016blc,Ia,0.012,,
SN2016blk,Iapec,0.02997,,
SN2016bln,Ia-91T-like,0.0235,,
SN2016blz,II,0.012,,
SN2016bmd,IIb,0.0142,110.10125,32.850333
SN2016bqs,Ia,0.032916,,
SN2016c,IIP,0.00452,,
SN2016ccj,Ia-SC,0.041,,
SN2016ccz,Ia,0.015,,
SN2016cnx,Ia,0.029444,,
SN2016coi,Ic-BL,0.003646,,
SN2016coj,Ia,0.004483,,
SN2016cok,IIP,0.002425,,
SN2016cqj,II,0.022,,
SN2016cvk,IIn,0.010783,,
SN2016daj,Ia,0.032,,
SN2016dxv,Ia,0.02,,
SN2016eay,SLSN-I,0.102,,
SN2016eii,Ia,0.036,,
SN2016eiy,Ia,0.008663,,
SN2016eja,Ia,0.04,,
SN2016ekg,Ia,0.017,,
SN2016ekt,Ia,0.017,,
SN2016els,SLSN-I,0.217,,
SN2016enk,IIP,0.0078,,
SN2016eoa,Ia,0.020771,,
SN2016euj,Ia,0.017,,
SN2016ezh,TDE,0.08,,
SN2016f,Ia,0.016138,,
SN2016fej,Ia,0.010914,,
SN2016fff,Ia,0.01144,,
SN2016frp,Ib-pec,0.027,,
SN2016g,Ic-BL,0.009,,
SN2016gfr,Ia,0.014,,
SN2016gfy,II,0.008,,
SN2016gkg,II,0.00494,,
SN2016gsb,Ia,0.0097,,
SN2016gxp,Ia-pec,0.018,,
SN2016hgm,II,0.008,,
SN2016hht,Ia,0.019,,
SN2016hli,Ia,0.017,,
SN2016hnk,Ia-91bg,0.016,,
SN2016hpw,Ia,0.02,,
SN2016hrv,II,0.0166,,
SN2016hsc,Ia,0.006,,
SN2016huh,Ia,0.018556,,
SN2016hvl,Ia-91T-like,0.013,,
SN2016iae,Ic,0.003468,,
SN2016ieq,IIn,0.066,,
SN2016iet,I,0.0676,188.138458,27.120969
SN2016igr,Ia,0.018,,
SN2016ija,II,0.003468,,
SN2016iog,II,0.038,151.077333,43.424569
SN2016ipf,Ia,0.021,,
SN2016itd,Ia,0.0175,,
SN2016ito,Ia,0.0199,,
SN2016iuh,Ia-91bg-like,0.013696,,
SN2016iyd,II,0.034,,
SN2016iyz,II,0.0104,,
SN2016jag,,,230.832708,-4.15565
SN2016jbu,imposter?,0.00489,,
SN2016l,IIP,0.009297,,
SN2016p,Ic-BL,0.0146,,
SN2016x,IIP,0.004408,,
SN2016zd,Ia,0.032,181.357608,-21.400333
SN2017ahn,II,0.009255,,
SN2017ati,IIb,0.016,,
SN2017atv,Ia,0.0185,,
SN2017aut,Ia,0.017,,
SN2017awk,Ia,0.018056,,
SN2017awz,Ia-91T-like,0.022,,
SN2017azw,Ia,0.02,,
SN2017bc,Ia,0.027,,
SN2017bcc,SLSN-II,0.148,,
SN2017bgu,Ib,0.008,,
SN2017bkc,Ia,0.017,,
SN2017bzc,Ia,0.005365,,
SN2017cak,,,229.82858364167,28.229021725
SN2017cbr,Ia,0.0173,,
SN2017cbv,Ia-99aa,0.003999,,
SN2017cfd,Ia,0.012085,,
SN2017cjb,II,0.0094,,
SN2017ckq,Ia,0.01,,
SN2017cyy,Ia,0.0098,,
SN2017cze,Ia,0.015,,
SN2017czw,,,213.633939901,-3.55545848994
SN2017daf,Ia,0.019,,
SN2017dau,LBV,0.01062,,
SN2017dcc,Ic-BL,0.043,,
SN2017dei,Ia,0.019804,,
SN2017des,,0.007,,
SN2017dgm,Ia,0.018,,
SN2017dit,Ia,0.01859,,
SN2017dps,Ia,0.012,,
SN2017drh,Ia,0.005554,,
SN2017dwh,SL-I,0.13,218.678864926,31.4879815328
SN2017dwq,IIn,0.018,,
SN2017dzs,Ia-91bg-like,0.0173,,
SN2017eaw,II,0.000133,,
SN2017ebm,Ia-91bg,0.016732,,
SN2017egb,Ia,0.016151,,
SN2017egm,SLSN-I,0.0307,,
SN2017ein,Ic,0.0027,,
SN2017ejb,Ia-91bg-like,0.009867,,
SN2017ekr,Ia,0.019,,
SN2017emq,Ia,0.005247,,
SN2017ens,,,181.03903,-1.93118
SN2017enx,,0.006398,,
SN2017eoc,,0.018688,,
SN2017eqx,,,336.701543422,17.1478884031
SN2017erp,Ia,0.006174,,
SN2017err,,,167.854616667,0.116273333333
SN2017erv,Ia,0.017035,,
SN2017evn,Ia,0.017,,
SN2017exo,Ia,0.016,,
SN2017ezd,Ia,0.018,,
SN2017faa,II,0.01845,,
SN2017faf,SLSN-II,0.0295,,
SN2017ffv,Ia,0.014,,
SN2017fgc,Ia,0.008,,
SN2017fhm,,,323.81359667,-6.97450844477
SN2017fvl,Ia,0.014,,
SN2017fzw,Ia-91bg,0.0054,,
SN2017gah,Ia,0.008906,,
SN2017gas,IIn,0.01,,
SN2017gax,Ib/c,0.0044,,
SN2017gbb,Iax,0.01,,
SN2017gci,SLSN-I,0.09,,
SN2017ghs,Unk,0.018,,
SN2017gjn,Ia,0.015,,
SN2017gkk,IIb,0.004923,,
SN2017glq,Ia,0.012,,
SN2017glx,Ia-91T-like,0.011,,
SN2017gmr,II,0.005,38.87575,-9.354189
SN2017gpn,IIb,0.007,,
SN2017gry,II,0.019,,
SN2017guh,Ia,0.015,75.80477,-22.8331
SN2017gup,Ia,0.0235,,
SN2017gxq,Ia,0.008406,,
SN2017hbj,II,0.017422,,
SN2017hcc,IIn,0.0173,0.960792,-11.474611
SN2017hgz,Ia,0.016,327.083833,-34.952889
SN2017hjw,Ia,0.016161,,
SN2017hjy,Ia,0.007,,
SN2017hle,Ia-91bg,0.015701,,
SN2017hm,Ia,0.021,,
SN2017hoq,Ia,0.02,,
SN2017hou,Ia,0.016738,,
SN2017hpa,Ia,0.015654,,
SN2017igf,Ia,0.006,175.706875,77.370219
SN2017iji,Ia,,183.11254,29.14935
SN2017it,II,0.043,92.65475,-34.141039
SN2017ivu,IIP,0.006528,,
SN2017iyb,Ia,0.010108,,
SN2017izu,Ia,0.016915,,
SN2017jav,Ia,0.01517,,
SN2017jbj,CC,0.013492,,
SN2017jd,Ia,0.007368,,
SN2017jl,Ia,0.016331,,
SN2017jmk,II,0.00947,,
SN2017kdz,Ia,0.0164,,
SN2017lf,Ia,0.01464,,
SN2017ln,Ia,0.025,,
SN2017yv,Ia,0.015584,,
SN2018aad,II-pec,0.024,59.506417,-65.506761
SN2018add,,,209.469042,-40.358039
SN2018afm,II?,0.016291,,
SN2018ahz,AGN,0.069,215.959340833,-9.38821416667
SN2018aoz,Ia,0.005801,,
SN2018atq,SL-II,0.167,176.7670743,19.551192
SN2018avk,Ic,0.132,197.865625,65.6381
SN2018bbl,,,344.227417,-37.339519
SN2018bek,II,0.0218,233.006458,68.241919
SN2018bgv,SL-I,0.08,165.626208,55.598831
SN2018bi,Ia,0.01668,,
SN2018bsk,,,187.2151,-1.9348
SN2018bsz,SLSN,0.027,242.412965541,-32.0626763514
SN2018bta,Ia,0.0195,254.494458,-62.731681
SN2018bto,,,10.925542,41.3763
SN2018bvt,,,185.665,6.6672
SN2018bwo,LRN,0.00156,3.507167,-23.193289
SN2018cmi,,,10.581958,40.944639
SN2018cni,Ia-pec,0.032,225.3450977,-10.1806704
SN2018co,,,151.337943085,47.8399366002
SN2018cow,Ic-BL,0,244.000917,22.268031
SN2018cuf,II,0.0108,319.048125,-64.482639
SN2018dfg,II,0.0095,211.644622222,-5.45048888889
SN2018dfy,IIP,0.013519,325.887208,43.549481
SN2018evk,II,0.03,348.937323333,6.91102666667
SN2018evt,Ia-91T-like,0.029,206.66325372,-9.6433322657
SN2018feb,Ia,0.0148,257.546542,21.649061
SN2018fek?,,,,
SN2018feq,Ia-91T-like,0.032,18.82711,-44.91943
SN2018fes,,,344.226795714,-37.3468257143
SN2018fhw,Ia,0.017,64.525833,-63.615669
SN2018fvz,,,34.739628,22.758303
SN2018fyk,TDE,0.06,342.567042,-44.864861
SN2018gep,Ic-BL,0.032,250.950837548,41.0453830323
SN2018get,II,0.004086,113.53811,4.54927
SN2018gj,IIb,0.004543,,
SN2018gk,II,0.031,,
SN2018gn,II,,26.676875,32.508139
SN2018gro,Ia-91bg-like,0.0217,332.955,38.700417
SN2018gv,Ia,0.005274,,
SN2018gwo,Ib-Ca-rich,0.0076,182.16175,68.779019
SN2018hfm,,0.008087,144.03640092,6.25752333333
SN2018hkx,Ia,0.025,60.224375,-66.67525
SN2018hmx,II,0.038,128.413917,55.598081
SN2018hna,II-87A,0.0024,186.550292,58.314119
SN2018hpu,Ia,0.066,49.58872,-41.60968
SN2018hrg,Nova,-0.00016,17.3596718182,35.7108354545
SN2018hso,IIn,0.0039,173.4663858,53.1187282
SN2018hti,SLSN-I,0.06,,
SN2018htr,LBV,0.001558,3.533167,-23.169364
SN2018hxf,,0.0296,65.5748442,-5.4682797
SN2018ibb,SLSNI,0.1586,,
SN2018ilu,Ia,0.03,353.33737147,4.80965071182
SN2018imf,II,0.0036,190.672458,13.265231
SN2018is,II,0.005811,,
SN2018isq,Ia,0.007599,49.2109892492,80.7846248988
SN2018ivc,,0.00379,40.6719841216,-0.00886706747595
SN2018jag,Ia-91bg-like,0.04,15.951289809,10.5923271658
SN2018jky,Ia,0.01458,51.508917,-17.5629
SN2018jov,Ia,0.019213,120.0297895,58.7097536
SN2018kp,Ia,0.010142,,
SN2018kpo,II,0.01749,55.179458,-6.423319
SN2018kzr,Ic,0.053,127.2227503,1.1107514
SN2018lab,,0.0092,94.1105,-21.375661
SN2018lei,Ic,0.006,38.39334,-39.0459
SN2018oh,Ia,0.012,136.664917,19.338089
SN2018pc,Ia,0.009,,
SN2018pv,Ia,0.003102,,
SN2018xx,Ia,0.00999,,
SN2018yu,Ia,0.008112,,
SN2018zd,IIn,0.002979,,
SN2018zr,TDE,0.071,119.22723844,34.2621136415
SN2018zz,Ia,0.013763,,
SN2019abn,ILRT,0.0015,202.4266422,47.1880529
SN2019ahd,LBV,0.003,162.799125,5.842031
SN2019arb,Ia,0.013696,184.880083,49.814131
SN2019ata,Ia,0.03,153.544917,-35.160889
SN2019bl,,,106.1485973,17.5695195
SN2019bm,,,179.318417,36.416739
SN2019cad,Ic,0.02751,137.179047394,44.8127901672
SN2019cca,SLSN-I,0.4,,
SN2019cqc,SLSN-I,0.118,,
SN2019edo,II,0.008569,182.964943262,24.1365846266
SN2019ehk,Ib,0.0043,185.733958,15.826119
SN2019ein,Ia,0.00775,208.371292,40.275369
SN2019enr,II,0.00818,143.69870953333,10.286953
SN2019enz,SLSN-I,0.22,,
SN2019esa,IIn,0.005891,118.753958,-76.411961
SN2019fxy,,,155.33741248333,12.178240366667
SN2019gaf,IIb,0.006,309.2301634,2.8068387
SN2019gbx,Ia,0.013,192.511716717,-14.7666545357
SN2019gte,TDE,0.086,196.6642678,-1.5484498
SN2019hcc,SL-I,0.044,315.087208,-21.34335
SN2019hge,SL-I,0.0866,336.088375,24.788089
SN2019jyw,II,0.011638,16.6259267382,-2.19878564617
SN2019kbj,II,0.048,332.841376171,19.6176320655
SN2019kf,Ia,0.021,156.8226276,26.5330856
SN2019lsm,Ibn,0.04168,218.76063906,14.77690375
SN2019muj,Iax,0.007035,36.5771671897,-9.83594182478
SN2019njv,IIn,0.01458,304.9883221,15.3774181
SN2019np,Ia,0.00452,157.341583,29.510639
SN2019nvm,II,0.01815,261.411114384,59.4467399895
SN2019nyk,II,0.021048,3.8133412518,-8.18940159781
SN2019odf,II,0.032019,342.186208,27.57185
SN2019odp,Ic-BL,0.014353,346.829542,13.85595
SN2019oet,LBV,0.004953,343.987761429,-43.4386071429
SN2019ofc,II,0.021,23.403875,-38.59975
SN2019ovr,II,0.013059,112.209417,35.547531
SN2019oys,Ib,0.016501,106.996917,31.665361
SN2019pjs,II,0.007415,271.168083,21.634511
SN2019rn,IIb,0.013,34.4983692878,14.5334508892
SN2019rz,IIn,0.018853,102.6075719,43.0532158
SN2019tua,II,0.010424,329.501167,24.265861
SN2019vrq,Ia-91T-like,0.013,46.0893771035,-16.0241301536
SN2019vxm,II,0.019,299.618917,62.137731
SN2019wbg,LBV,0.00659,180.677964454,1.98427720961
SN2019wep,II-pec,0.025,166.15430554,45.97748552
SN2019xdf,II,0.013012,141.966071314,68.411859552
SN2019xtw,II,0.015964,40.890125,-38.625211
SN2019yv,Galaxy,0.015,175.4888413,-6.1556979
SN2019yvq,Ia,0.009,186.841042,64.79995
SN2019yz,Ic,0.00639,235.488752722,0.710958685627
SN2020aatc,Ia,0.01525,42.068458,-10.252089
SN2020abjq,,0.018433,16.560958,3.573911
SN2020able,Ic,0.024755,141.509425482,24.521685394
SN2020aboh,,0.007,139.3823485,41.9927816
SN2020abtf,II,0.014,119.893662503,15.3000191195
SN2020acat,IIb,0.0079,177.67177066,-10.2274777238
SN2020acct,IIn,0.035,146.233561417,31.0960365255
SN2020acma,Ia,0.014,159.491083,-28.90855
SN2020adow,Ic,0.0075050001,128.426091347,27.7121003677
SN2020akf,Ia-91T-like,0.012454,142.16525,38.563111
SN2020aqe,II,0.012255,175.874,-16.7981
SN2020big,Ibn,0.0245,75.3159253937,-14.0244671901
SN2020bio,,0.009,208.90703115,40.4775408709
SN2020bpi,Ia,0.041,200.870917,62.446231
SN2020bvc,Ic-BL,0.025235,218.48753882,40.2437842405
SN2020cui,IIn,0.025,170.581875,-7.579761
SN2020cwd,Ibn,0.052,91.74617,-49.00665
SN2020dhj,Ia,0.04417,223.37659252,17.2891396457
SN2020dpw,,0.0048,309.293958,66.102961
SN2020dul,Ia,0.07,224.307920803,49.6743426198
SN2020ees,Ia,0.024424,201.813292,32.033619
SN2020ekk,II,0.011,251.188125,22.513261
SN2020fxa,Ia,0.064,233.637667,37.533831
SN2020hvf,Ia,0.005838,170.360208,3.014681
SN2020hvp,Ib,0.005247,245.439125,-2.289269
SN2020jdo,Ia,0.071,273.931854801,58.2152610216
SN2020jfo,II,0.00502,185.460333,4.481681
SN2020jgl,Ia,0.006758,142.243442219,-14.8055223401
SN2020kpx,Ia,0.02291,234.542292,4.780669
SN2020kyg,Iax,0.008736,197.915012221,22.915514971
SN2020kyx,Ia,0.031985,243.439625,22.920661
SN2020lil,Ia,0.0307,219.498583,9.388539
SN2020llx,II,0.009947,328.05849,-55.56227
SN2020mjm,II,0.005134,217.372208,-0.0216
SN2020mr,,,132.5158801,70.2925077
SN2020nlb,Ia,,186.35075,18.20355
SN2020nta,Ia-91bg-like,0.033953,241.8472904,13.892707425
SN2020nvb,Ia,0.002939,187.244917,3.572781
SN2020nxt,Ibn,,339.400980463,35.0021327976
SN2020pjj,Ia-pec,0.03,207.672083,30.489031
SN2020pni,II,0.01687,225.958167,42.114031
SN2020pst,Ia,0.046,18.300167,2.283839
SN2020pvb,IIn,0.020254,313.470966878,-25.4739146744
SN2020qic,Ia,0.048,3.773333,43.343289
SN2020rgz,Ia,0.0285,273.004417,51.724581
SN2020rlj,Ia,0.045,345.290059561,23.4872227538
SN2020roj,,,236.458574727,21.9779063981
SN2020rte,,,223.66175,42.0231
SN2020scq,,,40.9701129636,-0.618527595816
SN2020szr,Ia,0.02581,347.387917,15.659269
SN2020tcw,SL-I,0.0645,232.071167,39.947369
SN2020tkp,Ia,0.035,359.544048488,22.7701245689
SN2020tlf,,0.008463,220.04175,42.777619
SN2020tug,Ia,0.05,359.866168993,17.8652140746
SN2020uew,SL-I,0.22367,49.849458,-29.984911
SN2020uxz,Ia,0.008246,21.028708,12.921461
SN2020uzq,II,0.0117,353.500792395,-11.7830714212
SN2020vg,II,0.0087,177.226792,-4.6816
SN2020wtq,Ia,0.007,18.2836039353,28.6770039274
SN2020xua,II,0.022,342.842417,32.351311
SN2020xys,Other,0.072,97.48689564,-26.97553462
SN2020xyw,Ia,0.010814,112.033417,-62.358031
SN2020yvu,Ia,0.01,345.249458,40.9106
SN2020yzo,II,0.0185,100.883958,-72.590369
SN2020zbf,SL-I,0.195,29.506964,-41.347732
SN2020zgl,Ib-pec,0.0065,352.004792,-2.1649
SN2020znr,SL-I,0.1,109.77675,23.885381
SN2020zoq,II,0.01,159.089958,13.718639
SN2020zpi,Ia,0.03726,40.085208,-1.446861
SN2020zso,TDE,0.061,335.571375,-7.266411
SN2021aadc,SLSN-II,0.1953,1.13610719174,19.7614400722
SN2021aai,,0.007412,108.611917,84.380961
SN2021acya,Iin,0.063,60.557333,-28.391589
SN2021ads,,0.013,203.781428889,-33.4831355556
SN2021afkk,II,0.0138,37.4998676863,28.6341857571
SN2021afuq,Ic,0.009,156.967290323,-43.9019903226
SN2021afur,Ia-91bg,0.028,155.5541569,17.861225066667
SN2021arg,,0.031,67.8282637616,-10.3963852432
SN2021ass,,0.011791,27.542208,27.645219
SN2021bhd,,0.006,207.061537748,68.0897046109
SN2021blu,,0.002,160.643083,34.437389
SN2021blz,,0.045,68.130215,-32.4306575
SN2021bmx,,0.0146,153.709375,-38.191639
SN2021bug,,0.005847,188.594868709,2.31728679295
SN2021cgu,,0.026,165.765458,5.098169
SN2021cwc,,0.021,99.945125,65.452061
SN2021dms,,,50.3502895,-11.1460311
SN2021dnm,,0.046105,189.350889393,23.0935396452
SN2021do,,0.009346,154.235508012,73.3974807308
SN2021dov,,0.012,134.077958,-0.442139
SN2021dzv,,,207.054917,-53.306878
SN2021ek,,0.193,50.9579738734,-10.0447731875
SN2021fmu,,0.14,157.984333,-15.95545
SN2021foa,,0.008386,199.301474895,-17.257157518
SN2021fxy,,0.0094,198.256542,-19.51255
SN2021ghc,,0.046217,149.137458,0.752289
SN2021gma,Ia,0.065,241.36574580256,57.957885687179
SN2021gmj,,0.0034,159.696958,53.508419
SN2021gno,,0.006211,183.042875,13.249181
SN2021haz,,,235.4718119,10.1050809
SN2021hen,,0.021125,196.9328598,24.8105317
SN2021hiz,,0.003319,186.423625,7.228389
SN2021hku,,0.011,308.00797,-53.74952
SN2021hpr,,0.009346,154.160917,73.4005
SN2021hus,,,203.428300404,32.875628763
SN2021ifa,,,272.063167,47.064792
SN2021iyt,,0.0712,154.685042503,0.055396560455
SN2021j,,,,
SN2021jag,,0.008382,181.687349126,67.1649453233
SN2021jbl,,,222.98875,-36.199234
SN2021jpk,,0.038,219.750113048,12.6694536941
SN2021jtt,,0.023393,145.318548737,35.8840557357
SN2021jwr,,,10.694,41.240639
SN2021k,,,,
SN2021kgj,,0.014347,183.531427498,-12.5879993964
SN2021kgk,,,286.99425,8.7294
SN2021kqp,,,223.794753821,-6.98591309331
SN2021kyv,,0.1,216.98036746,33.0020775659
SN2021loi,,0.083,15.16507965,39.7084203625
SN2021lwz,,0.065,146.197458,34.712281
SN2021lxb,,0.0259,195.494375,28.008569
SN2021mim,Ia-91bg,0.03812,235.089020072,7.28152761418
SN2021mnj,,0.01521,221.335792,38.738489
SN2021mqh,,0.0233,174.960292,-7.607389
SN2021mwj,,0.007575,144.17412375,-21.14641625
SN2021mxx,,0.00965,284.2136326,36.6223349
SN2021oat,,0.02252,195.034417,28.170311
SN2021ont,,0.02833,246.676982796,39.1452730588
SN2021pb,,0.03317803,146.195042368,51.6873680481
SN2021pfs,,0.008733,210.84825,-6.031639
SN2021pit,,0.003898,56.125875,-44.632569
SN2021qvr,,0.011639,352.111042,22.419969
SN2021qvv,,0.001825,187.012167,9.80285
SN2021qvw,,0.025364,349.159524396,15.8944460789
SN2021qyy,,0.009,176.1235999,69.7292895
SN2021rhu,,0.003506,0.814286206427,16.1457079318
SN2021sjt,,0.00475,309.33000691667,66.106417016667
SN2021skf,,0.01175,193.488958,-8.770769
SN2021smj,,0.00424299994,186.694,8.882669
SN2021twv,,,221.061125,6.551861
SN2021ucg,,0.01718,341.906989287,39.8831991607
SN2021uds,,0.013,2.68381,-63.10095
SN2021uhk,,0.035,351.556647524,1.14557090358
SN2021ukt,,0.012886,12.353583,-1.766339
SN2021uoy,,0.03347,343.906079101,19.1738675051
SN2021uqw,,0.028019,328.497611052,6.6975154457
SN2021uyc,,0.019046,329.188925824,27.9049307833
SN2021vaz,,0.013122,85.507167,69.376869
SN2021wvd,,0.045,227.645763846,13.4585363173
SN2021xbg,,0.0319,35.985200434,-6.70102230923
SN2021xju,,0.01558,305.629417,-53.278861
SN2021ybc,,0.02925,37.329277271,-4.68175629635
SN2021yja,,0.0053,51.08825,-21.565611
SN2021yky,II,0.076,16.959267072222,27.314798955556
SN2021ysx,,0.102,316.134971578,-0.0479000055107
SN2021yyg,,0.011625,79.087625,-13.477769
SN2021zet,,0.032,328.055625,-23.376989
SNf20080514002,Ia,0.0221,,
SNf20080720001,Ia,0.021,,
SNhunt248,IIn?,0.0045,,
SNhunt60,IIb,0.033893,,
SNinngc2196,Ic,0.00775,,
SNinngc7123,Ia,0.012335,,
SNinpgc2086067,,,,
iPTF13dge,Ia,0.015854,,
iPTF13ebh,Ia,0.013269,,
iPTF14atg,Ia,0.021405,,
iPTF14bdn,Ia-99aa,0.01588,,
iPTF14hls,II-wierdo,,,
iPTF16eh,SLSN-I,,,
PTF09atu,SLSN-I,0.501,30 24.5372 +23,38 25.5898 16
PTF09cnd,SLSN-I,0.2583,12 08.8376 +51,29 16.0177 16
PTF10aagc,SLSN-I,0.206,39 56.9317 +21,43 16.8355 09
PTF10abyy,SNII,0.0304,16 40.5337 +06,47 53.7432 05
PTF10qaf,SLSN-IIn,0.284,35 42.8578 +10,46 32.6028 23
PTF10qts,SNIc-BL,0.0912,41 37.6049 +28,58 21.171 16
PTF11dsf,SLSN-IIn,0.385,11 33.5323 +40,18 03.7109 16
PTF11iqb,SNII,0.01245,34 04.8503 -09,42 17.8751 00
PTF11qax,SNII,0.02187,42 25.5711 +00,15 17.0975 23
PTF11qcj,SNIc-BL,0.028,13 41.4895 +47,17 56.9134 13
PTF11rks,SLSN-I,0.1928,01 39 45.5129,+29 55 26.9785
PTF12dam,SLSN-I,0.107,24 46.1902 +46,13 48.8856 14
PTF12epg,SNIIn,0.3427,55 36.5796 +35,37 36.151 12
PTF12gzk,SNIc,0.01377,12 41.5576 +00,30 43.0834 22
PTF12mkp,SLSN-IIn,0.153,28 35.1229 +65,10 55.6219 08
PTF12mxx,SLSN-I,0.327,30 16.714 +27,58 22.1844 22
iPTF14hls,SNII,0.0343,09 20 34.3022,+50 41 46.8229
iPTF16eh,SLSN-I,0.428,41 06.2105 +32,48 30.6673 12
iPTF13dge,Ia,,,
iPTF13ebh,Ia,,,
iPTF14atg,Ia,,,
iPTF14bdn,Ia,,,
