SN2025adj,host,224.9352723,51.46307175,SN
SN2025aft,host,251.8427738,-73.03170375,SN
SN2025akv,host,115.842417,-29.215417,SN
SN2025aml,host,27.55877438,27.64436505,SN
SN2025ass,host,161.2575525,76.6867034,SN
SN2025ayy,host,225.706338,-9.332905603,SN
SN2025baq,host,215.5744645,50.50841528,SN
SN2025bco,host,198.9304385,-0.471816424,SN
SN2025brs,host,94.74627695,-24.62748021,SN
SN2025bvm,host,182.7031735,39.47431539,SN
SN2025cbj,host,239.9169188,27.11134772,SN
SN2025cfc,host,157.4480088,13.01490601,SN
SN2025cha,host,210.2795496,21.24296786,SN
SN2025coe,host,158.2830039,28.43681551,SN
SN2025cy,host,200.3060834,-43.68363113,SN
SN2025dys,host,162.5827772,-22.33026341,SN
SN2025eas,host,95.62397922,-30.55986637,SN
SN2025ebh,host,182.0705623,-11.38334919,SN
SN2025efa,host,194.3679582,-28.20191784,SN
SN2025few,host,188.3367241,27.10956636,SN
SN2025fhl,host,140.5537168,-7.7998533,SN
SN2025fry,host,172.4818208,0.772935052,SN
SN2025fvw,host,233.8574308,12.05772229,SN
SN2025gj,host,146.0843987,-21.27288805,SN
SN2025gjc,host,234.7422022,-22.66982803,SN
SN2025gkg,host,192.279667,-41.832322,SN
SN2025gvs,host,237.5974896,25.91945146,SN
SN2025hxf,host,238.2708669,20.63570311,SN
SN2025iv,host,31.86356139,19.19355048,SN
SN2025izc,host,140.7254432,46.53397317,SN
SN2025jgq,host,206.0538956,-1.48188,SN
SN2025jqj,host,339.564958,-24.905033,SN
SN2025jzi,host,140.8408549,-20.34219937,SN
SN2025kdz,host,323.6538919,-10.4092389,SN
SN2025kg,host,55.61828892,-22.5059101,SN
SN2025kja,host,203.2302971,-1.160855164,SN
SN2025kjw,host,274.7843486,21.7862739,SN
SN2025kkb,host,197.9062788,10.3331234,SN
SN2025koz,host,242.3235372,9.6795819,SN
SN2025ktz,host,197.7396447,11.4739339,SN
SN2025kzr,host,157.4018005,-24.10933604,SN
SN2025mb,host,8.570323858,-27.80146037,SN
SN2025mg,host,109.2259983,67.1088547,SN
SN2025mkn,host,250.5477625,55.51734487,SN
SN2025mlx,host,326.8859656,-6.75908512,SN
SN2025mqc,host,190.9677073,-0.5610402,SN
SN2025mSN,host,212.3699619,-26.3239672,SN
SN2025mvn,host,198.3660644,36.58657019,SN
SN2025ngi,host,318.0458482,-57.27157636,SN
SN2025ngs,host,233.8194859,30.86548611,SN
SN2025ngt,host,287.267757,47.8797333,SN
SN2025nys,host,212.515432,-7.298788673,SN
SN2025ono,host,355.9823327,14.2941192,SN
SN2025oq,host,136.1601321,18.46667617,SN
SN2025owt,host,332.916627,-12.44044332,SN
SN2025oxy,host,316.9606402,18.15213835,SN
SN2025ozn,host,289.7668563,68.6623043,SN
SN2025pht,host,70.370254,-2.865447,SN
SN2025pjx,host,13.3558882,29.27845649,SN
SN2025plf,host,348.7878242,9.672680056,SN
SN2025qe,host,139.6174595,73.7624704,SN
SN2025qpk,host,311.1565116,-1.720140396,SN
SN2025qtt,host,292.7750039,54.10096973,SN
SN2025rbs,host,339.2651753,34.41887702,SN
SN2025ryz,host,332.1869271,-27.85358762,SN
SN2025scw,host,17.86324125,-38.08143875,SN
SN2025sei,host,267.2475887,25.49582048,SN
SN2025shi,host,342.1761852,27.58279112,SN
SN2025tis,host,58.8449125,-28.1590775,SN
SN2025tpu,host,281.918767,-63.160972,SN
SN2025ukr,host,320.7354535,-10.0133307,SN
SN2025ulz,host,237.9758378,30.90240797,SN
SN2025vzq,host,349.7699801,-8.477641438,SN
SN2025whv,host,350.1272419,12.2417361,SN
SN2025wkm,host,36.5859909,37.49999715,SN
SN2025zi,host,54.7274798,-26.37061731,SN
